INSERT INTO users (id, username, password, email) 
VALUES
(1,'density','asteriks19','default@gmail.com'),
(2,'arien','blazeit','arienneir@yahoo.co.uk'),
(3,'booster','karuusel','booster@abv.bg'),
(4,'query','ex-deus132','ivan@abv.bg'),
(5,'andrew','karuusel','andrew@gmail.com'),
(6,'kinoa','microsecondislove','nokia@gmail.com'),
(7, 'QuandoImmersia', 'breadfish', 'denisbig@yahoo.com'),
(8, 'Miracle', 'deniedvelocity', 'miracle@outlook.com'),
(9, 'Syndaxo', 'ytrewq', 'syndaxo@gmail.com'),
(10, 'ICanHazDonuts', 'donuts4l1f3', 'peter@outlook.com'),
(11, 'Mephisto', 'thedevilincoat', 'lucy@gmail.com'),
(12, 'Emir', 'mirandaismylove', 'rime@abv.bg'),
(13, 'Ivan', 'putin4king', 'suka@wocsom.ru'),
(14, 'Tiffany', 'chalgamadafaka', 'geri@nikol.bg'),
(15, 'Oleg', 'putin4king', 'blyat@wocsom.ru'),
(16, 'Gruesome', 'asteriks19', 'denial@gmail.com'),
(17, 'Billy', '2good4you', 'billmurry@gmail.com'),
(18, 'DaRighteous1', 'tonimotori', 'toniatanasoff@gmail.com'),
(19, 'Syncy', 'SymmetryIsTheNewChaos', 'SallyIsacc@yahoo.co.uk'),
(20, 'Reine', 'whatisthemeaningoflie', 'reine@gmail.com'),
(21, 'SecretAgent', 'fbi@gmail.com', 'boundary@sofiamemes.abv.bg'),
(22, 'micro', 'breadfish', 'micro@gmail.com'),
(23, 'Mellanie', 'babyyouaremine', 'mellanie@yahoo.co.uk'),
(24, 'A4Tech', 'mousespls', 'damian@abv.bg'),
(25, 'JohnWick', 'touchmypuppyandyoudie', 'johnny@gmail.com'),
(26, 'SeriousSam', 'putin4king', 'samuel@wocsom.ru'),
(27, 'doge', 'doge', 'doge@doge.doge'),
(28, 'cate', 'cate', 'cate@cate.cate'),
(29, 'BabyYouAreMine', 'Blasphemy', 'munich@gmail.com'),
(30, 'Antena', 'seismicity', 'anderson@gmail.com');

INSERT INTO categories (id, name, parent_id)
VALUES
(1, 'JavaScript Development', NULL),
(2, 'C# Development', NULL),
(3, 'JavaScript Basics', 1),
(4, 'JavaScript Advanced', 1),
(5, 'Java Development', NULL),
(6, 'C# Fundamentals', 2),
(7, 'Java DB Fundamentals', 5),
(8, 'Java DB Basics', 7),
(9, 'C# OOP Basics', 6),
(10, 'Java DB Advanced', 7),
(11, 'JavaScript Applications', 1),
(12, 'C# OOP Advanced', 6),
(13, 'Java Fundamentals', 5),
(14, 'PHP Development', NULL),
(15, 'C# Advanced', 6),
(16, 'PHP Fundamentals', 14),
(17, 'PHP Web', 14),
(18, 'JavaScript Web', 1),
(19, 'C# DB Fundamentals', 2),
(20, 'C# Web', 2);

INSERT INTO contests (id, name, category_id)
VALUES
(1, 'JS Exercises', 15),
(2, 'Some Exam', 4),
(3, 'Contest Number 9', 10),
(4, 'Mambo Number 5', 4),
(5, 'C# OOP Exercises', 12),
(6, 'JS Lab', 3),
(7, 'JS Lab 2', 3),
(8, 'What is This', 10),
(9, 'I dunno', 15),
(10, 'Chicken Nuggets', 12),
(11, 'Algorithms Exam', 11),
(12, 'Exam That is Hard', 13),
(13, 'Test Contest', 9),
(14, 'Hello Contest World', 3),
(15, 'MySQL Exam 24-Jun-2017', 8),
(16, 'This will be fun', 15),
(17, 'Oh Im sure', 11),
(18, 'I dont know what to write anymore', 4),
(19, 'Sample Contest', 8),
(20, 'Exams Are Hard', 9),
(21, 'Making a Dataset is even Harder', 8),
(22, 'When you are comming up with tha data', 3),
(23, 'Yourself', 12),
(24, 'I am done', 10),
(25, 'Okey just a few more', 10),
(26, 'Exam Contest 24-June-3017', 13),
(27, 'Is it the end yet?', 3),
(28, 'Exam 10-Jul-2017', 9),
(29, 'Bam Bam', 4),
(30, 'Khaalesi Dies', 13);

INSERT INTO problems (id, name, points, tests, contest_id)
VALUES
(1, 'NeedForSpeed', 100, 5, 5),
(2, 'Matrix Shuffle', 25, 10, 13),
(3, 'Watermelon', 150, 7, 24),
(4, 'Vegetable Ninja', 49, 8, 30),
(5, 'Largest Rectangle', 200, 99, 9),
(6, 'Airport Management System', 30, 5, 16),
(7, 'Users In Countries', 350, 0, 21),
(8, 'House', 400, 20, 29),
(9, 'Monsters', 1000, 25, 17),
(10, 'Mass Effect', 500, 10, 4),
(11, 'Mass Defect', 300, 10, 11),
(12, 'Lambda Core', 100, 1, 6),
(13, 'Restaurant', 200, 2, 10),
(14, 'Weekday Madness', 150, 3, 5),
(15, 'Usernames', 10, 10, 3),
(16, 'Default Value', 5, 5, 2),
(17, 'Dict-Ref', 10, 0, 24),
(18, 'Cubic Artillery', 25, 20, 25),
(19, 'Royalism', 30, 35, 12),
(20, 'Second Nature', 100, 4, 16),
(21, 'H.E.L.L.', 400, 1, 21),
(22, 'Emergency', 50, 50, 22),
(23, 'Dict-Ref Advanced', 100, 20, 13),
(24, 'Phone', 40, 25, 25),
(25, 'Winecraft', 80, 99, 4),
(26, 'Sound Of Silence', 20, 10, 30),
(27, 'Blasphemy', 30, 25, 29),
(28, 'Jeremy', 10, 10, 30),
(29, 'Football', 5, 25, 1),
(30, 'BitsofBits', 2, 30, 2),
(31, 'NumbersToHex', 100, 29, 18),
(32, 'Binary Search', 1000, 10, 1),
(33, 'Designed To Crash', 450, 15, 7),
(34, 'Bugs', 200, 9, 2),
(35, 'Hornet Assault', 30, 10, 19),
(36, 'Cubic\'s Rube', 100, 0, 3),
(37, 'Major Payne', 25, 99, 2),
(38, 'Borrowed Time', 300, 7, 7),
(39, 'Bear Wear', 25, 6, 7),
(40, 'Merry\'s games', 400, 10, 7),
(41, 'Roli The Coder', 50, 25, 30),
(42, 'Something', 200, 30, 13),
(43, 'Test Problem', 10, 99, 14),
(44, 'Hornet Armada', 200, 45, 29),
(45, 'Royal NonStop', 30, 9, 27),
(46, 'Sanity\'s Eclipse', 400, 5, 3),
(47, 'Indestructible', 50, 1, 14),
(48, 'Word Boundary', 100, 1, 19),
(49, 'Sentence Split', 1000, 2, 18),
(50, 'Closed Judge System', 10000, 100, 30);

INSERT INTO submissions (id, passed_tests, problem_id, user_id)
VALUES
(1, 2, 22, 7),
(2, 13, 32, 22),
(3, 0, 24, 25),
(4, 19, 46, 2),
(5, 10, 17, 12),
(6, 10, 21, 8),
(7, 21, 48, 17),
(8, 7, 13, 2),
(9, 0, 20, 26),
(10, 19, 8, 21),
(11, 19, 7, 25),
(12, 9, 19, 22),
(13, 19, 1, 23),
(14, 20, 13, 17),
(15, 21, 40, 29),
(16, 10, 47, 10),
(17, 6, 45, 16),
(18, 9, 44, 17),
(19, 10, 11, 5),
(20, 0, 4, 7),
(21, 2, 44, 9),
(22, 91, 43, 23),
(23, 20, 48, 20),
(24, 10, 20, 15),
(25, 22, 34, 1),
(26, 7, 22, 3),
(27, 15, 22, 16),
(28, 16, 12, 5),
(29, 24, 12, 7),
(30, 14, 7, 17),
(31, 0, 46, 16),
(32, 0, 19, 8),
(33, 14, 47, 5),
(34, 99, 5, 12),
(35, 14, 6, 16),
(36, 10, 44, 3),
(37, 25, 36, 5),
(38, 15, 39, 10),
(39, 15, 3, 27),
(40, 9, 26, 29),
(41, 13, 40, 3),
(42, 7, 24, 28),
(43, 5, 15, 22),
(44, 66, 25, 27),
(45, 9, 8, 27),
(46, 19, 3, 27),
(47, 23, 17, 21),
(48, 26, 42, 7),
(49, 0, 37, 20),
(50, 22, 41, 16),
(51, 11, 32, 3),
(52, 100, 50, 30),
(53, 13, 29, 5),
(54, 7, 19, 3),
(55, 13, 4, 14),
(56, 21, 8, 14),
(57, 82, 43, 13),
(58, 12, 15, 28),
(59, 11, 20, 15),
(60, 19, 32, 9),
(61, 5, 18, 28),
(62, 13, 41, 6),
(63, 0, 21, 27),
(64, 18, 17, 16),
(65, 16, 15, 22),
(66, 11, 8, 14),
(67, 97, 25, 14),
(68, 7, 4, 25),
(69, 12, 40, 18),
(70, 16, 46, 3),
(71, 17, 26, 7),
(72, 0, 36, 7),
(73, 13, 31, 6),
(74, 11, 3, 26),
(75, 0, 6, 7),
(76, 17, 49, 5),
(77, 23, 11, 19),
(78, 9, 7, 24),
(79, 16, 20, 26),
(80, 9, 41, 12),
(81, 6, 10, 29),
(82, 11, 47, 10),
(83, 9, 22, 10),
(84, 4, 17, 25),
(85, 14, 47, 12),
(86, 16, 26, 28),
(87, 14, 6, 24),
(88, 0, 29, 20),
(89, 87, 25, 12),
(90, 17, 16, 12),
(91, 11, 40, 23),
(92, 3, 42, 26),
(93, 9, 8, 7),
(94, 8, 27, 5),
(95, 20, 44, 4),
(96, 16, 10, 12),
(97, 22, 44, 27),
(98, 18, 34, 18),
(99, 0, 31, 9),
(100, 10, 22, 18);

INSERT INTO users_contests (user_id, contest_id)
VALUES
(22, 10),
(8, 21),
(12, 20),
(20, 6),
(26, 1),
(15, 21),
(14, 8),
(26, 10),
(19, 23),
(29, 13),
(20, 24),
(29, 11),
(27, 26),
(25, 8),
(5, 1),
(29, 6),
(4, 25),
(21, 8),
(15, 15),
(17, 18),
(13, 24),
(3, 22),
(15, 10),
(7, 2),
(9, 4),
(20, 10),
(3, 19),
(14, 28),
(12, 27),
(25, 17),
(25, 13),
(2, 25),
(2, 10),
(17, 20),
(17, 19),
(26, 4),
(6, 12),
(30, 26),
(22, 8),
(27, 17),
(29, 1),
(12, 19),
(3, 16),
(12, 24),
(27, 18),
(21, 1),
(23, 1),
(23, 9),
(20, 5),
(24, 17),
(16, 21),
(9, 17),
(5, 22),
(20, 18),
(6, 4),
(1, 8),
(28, 2),
(15, 1),
(13, 14),
(9, 24),
(23, 8),
(13, 6),
(19, 30),
(4, 13),
(19, 22),
(24, 3),
(8, 8),
(23, 26),
(15, 12),
(26, 24),
(18, 23),
(18, 13),
(3, 21),
(16, 22),
(27, 6),
(28, 22),
(9, 23),
(29, 2),
(4, 30),
(3, 20),
(14, 23),
(16, 9),
(15, 26),
(24, 7),
(29, 26),
(6, 15),
(6, 30),
(20, 30),
(3, 28),
(14, 13),
(17, 13),
(25, 2),
(24, 16),
(10, 22),
(23, 16),
(10, 7),
(10, 25),
(7, 10),
(29, 8),
(27, 10);
